patient_id,cancer_history_summary,general_exclusion_criteria_evidence
11609,"Age: 71
Sex: Female
Cancer type: Glioblastoma
Histology: IDH-wildtype, WHO Grade 4
Current extent: Progressive (left temporal lobe and right parietal lobe)
Biomarkers: IDH1/IDH2 wildtype, MGMT promoter unmethylated, EGFR focal amplification and membranous overexpression, PDGFRA amplification (copy number approximately 8), CDK4 amplification (copy number approximately 6), MTAP homozygous deletion, NF1 nonsense substitution (p.Arg251*), TERT promoter mutation (C-124C>T), PTEN intact, ATRX retained, p53 wild-type, Ki-67 38 percent, GFAP positive, Olig2 positive, Nestin positive, Tumor Mutational Burden 4 mutations per megabase, microsatellite instability negative
Treatment history:
# 1/2020: Maximal surgical debulking of left temporal lobe
# 2020: Concurrent temozolomide and intensity-modulated radiotherapy (60 Gy/30 fractions); achieved partial response
# 10/2020-7/2021: Adjuvant temozolomide; achieved partial response
# 11/2021-present: bevacizumab 10 mg/kg IV every 2 weeks; achieved partial response (interrupted for grade 3 proteinuria)
# 7/2022: Re-resection of left temporal lobe
# 2/12/2025: Stereotactic-guided craniotomy with gross-total resection of recurrent left temporal glioblastoma
# 2025-8/2025: Investigational PDGFRa tyrosine kinase inhibitor and metronomic temozolomide; achieved stable disease
# 8/2025-5/2026: bevacizumab 10 mg/kg IV every 2 weeks; ceased 5/2026 for hospice transition",ECOG 4. Essential hypertension. Hyperlipidemia. Hypothyroidism. Osteoarthritis of knees. History of bevacizumab-induced grade 3 proteinuria.
12019,"Age: 52
Sex: Female
Cancer type: Breast cancer
Histology: Infiltrating ductal carcinoma
Current extent: Metastatic to liver, lungs, and bone (L4); stable disease as of 2026-05-14. CA 27-29 38 U/mL (decreasing trend as of 2026-05-14).
Biomarkers: ER 80%, PR 70%, HER2 IHC 0, Ki-67 22%, PIK3CA p.H1047R, ESR1 p.D538G, TP53 p.R175H, GATA3 p.R361C, CDK4 amplification, FGFR1 amplification, BRCA1 wild-type, BRCA2 wild-type, AKT1 wild-type, KRAS wild-type, NRAS wild-type, BRAF wild-type, MSI stable, TMB 4 mut/Mb
Treatment history:
# 6/23/21-9/9/23: letrozole + ribociclib; best response partial response (7/28/22)
# approx 2024-05-02-2025-05-02: fulvestrant + everolimus; best response partial response
# 2025-05-02-2025-09-28: fulvestrant; progressed
# 2025-09-28-present: alpelisib + fulvestrant; best response partial response (2026-03-11)
# 2025-05-02-present: zoledronic acid","ECOG 1. Hypertension, hyperlipidemia, Grade 2 ribociclib-associated hepatotoxicity (9/9/23), Grade 2 everolimus-associated stomatitis, Grade 1 zoledronic acid infusion reaction, hyperglycemia (managed with metformin, HbA1c 7.2% as of 2026-05-14), Grade 1-2 transaminitis (2026-05-14)."
15687,"Age: 68
Sex: Male
Cancer type: Lung cancer
Histology: Small cell carcinoma
Current extent: Metastatic (right lower lobe primary, mediastinal lymph nodes, L3 vertebra, right iliac crest, left adrenal gland, right femur, and liver). Most recent LDH 480 U/L (increasing).
Biomarkers: Synaptophysin positive, CD56 positive, Chromogranin A focal weak positive, Ki-67 85%, TTF-1 negative, PD-L1 <=1%, TP53 p.Val157Phe, RB1 homozygous deletion (exons 9-20), MYC amplification, STK11 p.Phe354Leu, CREBBP p.Arg1621His, EGFR negative, KRAS negative, NRAS negative, HRAS negative, ALK negative, ROS1 negative, RET negative, NTRK1/2/3 negative.
Treatment history:
# December 2022-October 2023: carboplatin and etoposide; best response partial response
# January 2023: Palliative radiation to L3 vertebra (single 8 Gy fraction)
# December 2023-February 2024: Prophylactic cranial irradiation (20 Gy in 5 fractions)
# November 2024-June 2025: amrubicin; best response stable disease
# June 2025-October 2025: lurbinectedin; best response partial response",ECOG 1-2. Hypertension. Hyperlipidemia. Osteoporosis. Grade 2 peripheral neuropathy.
16916000000,"Age: 21
Sex: Male
Cancer type: Osteosarcoma
Histology: Conventional high-grade osteosarcoma
Current extent: Metastatic (solitary right lower lobe pulmonary nodule; most recent size 1.6 cm as of 11/14/24, showing slow radiographic progression from 1.4 cm)
Biomarkers: SATB2 positive, Vimentin positive, Ki-67 70 percent (biopsy) and 45 percent (resection), Cytokeratin AE1/AE3 negative, S-100 protein negative, EMA negative, Desmin patchy weak positive, Osteocalcin positive, p63/p40 negative, ERBB2 (HER2) amplification (8-fold), MDM2 amplification (6-fold), CDK4 amplification (5-fold), RB1 homozygous loss, TP53 p.Arg175His mutation, PTEN p.Arg233* mutation, TMB 3.2 mut/Mb (low), MSI-stable, KRAS p.Gly12Asp (VUS), NF1 frameshift (VUS), ATRX frameshift (VUS)
Treatment history:
# 10/2020-1/2021: methotrexate, doxorubicin, and cisplatin; best response greater than 90 percent necrosis on imaging
# 6/1/2021: Wide resection of right distal femur with endoprosthetic reconstruction; negative margins, 85 percent pathologic necrosis
# 6/2021-7/2021: methotrexate, doxorubicin, and cisplatin; achieved no evidence of disease
# 11/2022-4/2023: ifosfamide and etoposide; progressed (pulmonary nodule increased from 1.2 cm to 2.0 cm)
# 11/2023-2024: pembrolizumab; achieved partial response (pulmonary nodule decreased to 1.4 cm)
# 2024: stereotactic body radiation therapy (30 Gy in 5 fractions) to right lung lesion",ECOG 0-1. History of Grade 2 immune-mediated colitis (resolved 11/2023). History of Grade 3 neutropenia during ifosfamide/etoposide therapy. Chronic mild leukopenia.
1722,"Age: 64
Sex: Male
Cancer type: Gastro-esophageal junction cancer
Histology: Poorly differentiated adenocarcinoma, signet-ring cell type
Current extent: Metastatic (Stage IV) with hepatic, peritoneal, osseous (L2 vertebra), and retroperitoneal lymph node metastases. Recently developed malignant ascites. Most recent CEA 18 ng/mL (increasing).
Biomarkers: HER2 IHC 3+, HER2 ISH amplified (CN=9), Microsatellite Stable (MSS), TMB 5 muts/Mb, TP53 p.Arg175His, CDH1 p.Glu738*, KRAS p.Gly12Asp, PIK3CA p.His1047Arg, ARID1A LOH, MET amplification (CN=6), FGFR2 amplification (CN=4), SMAD4 p.Arg361Cys, PD-L1 CPS 15
Treatment history:
# 9/2020-5/2021: capecitabine + oxaliplatin + trastuzumab; best response partial metabolic response in primary tumor and stable disease in liver
# 5/2021-10/2021: irinotecan + fluorouracil + leucovorin; progressed
# 6/2023: Palliative gastro-jejunostomy for gastric outlet obstruction
# 1/2024-2/2024: Palliative external beam radiation to L2 vertebra; best response partial response
# 7/2024-2/2025: pembrolizumab; best response stable disease, subsequently progressed","ECOG 1. Hypertension, hyperlipidemia, immune-related hypothyroidism, chronic Grade 2 peripheral neuropathy, remote osteoporotic fracture, Grade 3 anemia requiring transfusion."
20838,"Age: 70
Sex: Male
Cancer type: Prostate cancer
Histology: Adenocarcinoma
Current extent: Metastatic (T10 vertebra, left ischial wing, left scapula, right adrenal gland, and left femur). Most recent PSA 3.0 ng/mL (increasing from 1.5 ng/mL).
Biomarkers: PSA positive, NKX3.1 positive, AMACR positive, TMPRSS2-ERG fusion, AR amplification (copy 7), PTEN homozygous deletion, TP53 p.Arg248Trp, BRCA2 p.Ser2252* nonsense mutation, SPOP p.Phe133Ser, CDK12 p.Arg1049* nonsense mutation, CHEK2 p.Thr367Profs*5 frameshift mutation, RB1 loss, MSI stable, TMB 4.2 muts/Mb
Treatment history:
# 6/2020: robotic-assisted radical prostatectomy with extended pelvic lymphadenectomy
# 10/20/20-present: leuprolide
# 2020-4/2021: abiraterone acetate + prednisone; best response PSA 0.4 ng/mL
# 4/2021-11/2022: enzalutamide
# 11/2022-11/2023: apalutamide
# 11/2022-present: zoledronic acid
# 11/2022-present: rucaparib + enzalutamide (clinical trial); best response PSA 1.5 ng/mL",ECOG 1. Hypertension (controlled on amlodipine). Hyperlipidemia (managed with pravastatin). Former smoker (quit >20 years ago). History of seizure-like event attributed to enzalutamide. History of grade 3 thrombocytopenia and grade 2 nausea secondary to rucaparib.
21339,"Age: 76
Sex: Female
Cancer type: Ovarian cancer
Histology: High-grade serous carcinoma
Current extent: Metastatic (FIGO Stage IVB). As of 2026-05-10, new subcentimeter peritoneal nodules (<= 5 mm) in the paracolic gutters, pouch of Douglas, and omentum; hepatic metastases stable (largest 3.5 cm). Most recent CA-125 48 U/mL (downward trend from 115 U/mL).
Biomarkers: PAX8 positive, WT-1 positive, CK7 positive, p53 aberrant overexpression (null pattern), Ki-67 70%, ER focal weak positive, PR negative, HER2 negative, BRCA2 pathogenic frameshift (p.Ser1982Argfs*22), TP53 missense (p.Arg248Gln), ATM homozygous loss, MYC amplification, HRD score 78 (positive), TMB 4.2 mut/Mb, MSI stable.
Treatment history:
# 2/8/2021: Optimal cytoreductive laparotomy (total abdominal hysterectomy, bilateral salpingo-oophorectomy, infracolic omentectomy)
# 2/2021-8/2022: carboplatin and paclitaxel (6 cycles); best response partial response
# 8/2022-8/2023: niraparib; dose reduced to 200 mg daily due to Grade 3 thrombocytopenia; discontinued due to dose-limiting thrombocytopenia
# 2/2025-8/2025: trabectedin; completed 2 cycles; progressive hepatic disease
# 10/2025-present: rucaparib; stable disease as of 4/2026
# 1/2026: Percutaneous radiofrequency ablation of dominant hepatic metastasis and stereotactic body radiation therapy (30 Gy/5 fx) to solitary para-aortic lymph node",ECOG 1. History of Grade 1 peripheral sensory neuropathy. History of Grade 3 thrombocytopenia (resolved). Chronic Grade 2 anemia. History of Grade 2 trabectedin-related transaminitis (resolved).
3996000000,"Age: 45
Sex: Male
Cancer type: T-cell lymphoblastic lymphoma
Histology: Precursor T-cell lymphoblastic lymphoma
Current extent: Metastatic. As of 2026-01-04, disease involves the anterior mediastinum (residual mass approximately 3 cm), lungs (bilateral nodules up to 1.2 cm), and liver (multifocal lesions up to 2.1 cm). Most recent LFTs (2026-01-04) show Grade 3 transaminitis (AST 112 U/L, ALT 138 U/L).
Biomarkers: CD3 positive, CD7 positive, CD1a positive, TdT positive, CD4 variable, CD5 weak focal positive, CD8 negative, CD20 negative, PAX5 negative, CD79a negative, MPO negative, Ki-67 approximately 90 percent, ALK-1 negative, EBER negative, NOTCH1 p.Val1578Phe, JAK3 p.Val678Met, PTEN homozygous deletion, TAL1-ST5 fusion, CD19 negative, CD22 negative
Treatment history:
# 2020-2023: cyclophosphamide, vincristine, doxorubicin, and dexamethasone alternating with high-dose methotrexate and cytarabine (4 cycles); best response partial response (mediastinal mass decreased from 9 cm to 4 cm)
# 2023: nelarabine (2 cycles); best response stable disease
# 2024-2025: azacitidine (off-label); discontinued due to Grade 3 transaminitis
# 2024-11-18: palliative external beam radiation therapy to the mediastinum (30 Gy in 10 fractions); achieved partial local response (mass reduced to 3 cm)",ECOG 2. Grade 2 peripheral neuropathy. Resolved Hepatitis B. Prior Grade 3 mucositis. Left lower extremity deep vein thrombosis (managed with apixaban). Liver dysfunction (Grade 3 transaminitis).
4030000000,"Age: 55
Sex: Female
Cancer type: Ovarian cancer
Histology: Low-grade serous carcinoma
Current extent: Metastatic (FIGO Stage IIIC). Most recent CA-125 68 U/mL (2025-10-18), currently plateaued.
Biomarkers: CK7 positive, PAX8 positive, WT1 positive, Estrogen Receptor strong nuclear staining, Progesterone Receptor weak positive, p53 wild-type, Ki-67 approximately 5 percent, KRAS p.G12D mutant, NRAS p.Q61K mutant, PIK3CA p.E545K mutant, TP53 wild-type, CCNE1 copy number gain (3-fold), MSI stable, TMB 3 muts/Mb, BRCA1/2 negative.
Treatment history:
# 8/2020: Total abdominal hysterectomy, bilateral salpingo-oophorectomy, infracolic omentectomy, pelvic and para-aortic lymphadenectomy; achieved R0 resection
# 2020-2021: carboplatin and paclitaxel (4 cycles); best response stable disease
# 5/2023-present: letrozole; best response stable disease",ECOG 0-1. Hypertension. Hyperlipidemia. Grade 1 arthralgia.
4716,"Age: 34
Sex: Male
Cancer type: Appendix neuroendocrine tumor
Histology: Well-differentiated neuroendocrine tumor, Grade 2
Current extent: Metastatic (hepatic lesions in segments III and VI, largest 1.0 cm). Most recent Chromogranin A 112 ng/mL (increasing trend).
Biomarkers: Chromogranin A positive, Synaptophysin positive, SSTR2 positive, Ki-67 8%, KRAS G12D, BRAF V600E, CDKN2A homozygous deletion, MYC low-level gain, MEN1 wild-type, DAXX wild-type, ATRX wild-type
Treatment history:
# 3/5/20: Appendectomy; R0 resection
# 11/23/20-6/2021: temozolomide + bevacizumab; achieved partial response
# 6/2021-present: octreotide LAR; stable disease
# 6/2023-9/2023: lutetium-177 dotatate; achieved partial response
# 1/2025-present: everolimus; achieved stable disease",ECOG 0-1. Hypertension (controlled with lisinopril). Hyperlipidemia (managed with atorvastatin).
4837000000,"Age: 70
Sex: Male
Cancer type: Cutaneous melanoma
Histology: Superficial spreading melanoma with focal epithelioid cells
Current extent: Metastatic. Evidence of pulmonary metastases (stable partial response) and progressive hepatic metastases (largest 3.7 cm as of 4/10/26). Most recent LDH 310 U/L (5/8/26).
Biomarkers: BRAF V600E, TERT promoter -124C>T, CDKN2A homozygous deletion, TP53 R175H, NF1 Q1589*, subclonal KRAS G12R, subclonal PIK3CA H1047R, subclonal STK11 frameshift, PD-L1 TPS 15%, S100+, SOX10+, Melan-A+, HMB-45+, Ki-67 35%, TMB 14 mut/Mb, MSI-stable
Treatment history:
# 2/24/21: Excisional biopsy of left upper extremity
# 9/4/23: Wide local excision of left upper extremity and sentinel lymph node biopsy of left axilla
# 9/15/23-11/2024: pembrolizumab; completed 12 months
# 11/2024-10/2025: ipilimumab + nivolumab; achieved partial response in pulmonary metastases; ipilimumab discontinued due to grade 3 colitis
# 10/2025-2026: nivolumab; achieved stable partial response in lungs, but developed hepatic metastases
# Planned 5/2026: dabrafenib + trametinib","Hypertension, hyperlipidemia, former smoker (15 pack-years). History of grade 3 immune-mediated colitis (resolved). Hypothyroidism secondary to checkpoint inhibition. Prediabetes. ECOG 1-2."
6346,"Age: 66
Sex: Male
Cancer type: Breast cancer
Histology: Invasive lobular carcinoma
Current extent: Metastatic (right breast, right axillary lymph node, thoracic spine, lumbar spine, sacrum, and liver). Most recent CEA 3.1 ng/mL (stable).
Biomarkers: ER positive (strong), PR negative, HER2-low (IHC 1+, FISH non-amplified), Ki-67 22% (primary) and 30% (liver metastasis), E-cadherin loss, CDH1 p.Glu736Lys, PIK3CA p.Glu545Lys, TP53 p.Tyr220Cys, ESR1 p.Asp538Gly, FGFR2 p.Asn549Lys, CCND1 amplification, CDK12 loss, PALB2 frameshift (VUS).
Treatment history:
# 12/2020-10/2021: tamoxifen; best response stable disease
# 7/2021-12/2021: paclitaxel; best response partial response
# 12/2021-11/2023: letrozole; best response stable disease
# 11/2023-present: capecitabine; best response partial response
# 11/2022-present: zoledronic acid every 12 weeks",ECOG 1. Grade 1 peripheral sensory neuropathy. Hypertension. Hyperlipidemia.
